"filename", "language", "XML", "Java", "Log", "Markdown", "Java Properties", "comment", "blank", "total"
"c:\Users\jonma\OneDrive\JAVA\gamedemo\.idea\compiler.xml", "XML", 13, 0, 0, 0, 0, 0, 0, 13
"c:\Users\jonma\OneDrive\JAVA\gamedemo\.idea\encodings.xml", "XML", 7, 0, 0, 0, 0, 0, 0, 7
"c:\Users\jonma\OneDrive\JAVA\gamedemo\.idea\jarRepositories.xml", "XML", 20, 0, 0, 0, 0, 0, 0, 20
"c:\Users\jonma\OneDrive\JAVA\gamedemo\.idea\misc.xml", "XML", 11, 0, 0, 0, 0, 0, 0, 11
"c:\Users\jonma\OneDrive\JAVA\gamedemo\README.md", "Markdown", 0, 0, 0, 1, 0, 0, 1, 2
"c:\Users\jonma\OneDrive\JAVA\gamedemo\hs_err_pid37364.log", "Log", 0, 0, 763, 0, 0, 0, 67, 830
"c:\Users\jonma\OneDrive\JAVA\gamedemo\pom.xml", "XML", 101, 0, 0, 0, 0, 2, 9, 112
"c:\Users\jonma\OneDrive\JAVA\gamedemo\src\main\java\com\game\App.java", "Java", 0, 8, 0, 0, 0, 0, 6, 14
"c:\Users\jonma\OneDrive\JAVA\gamedemo\src\main\java\com\game\AstarSearch.java", "Java", 0, 146, 0, 0, 0, 1, 36, 183
"c:\Users\jonma\OneDrive\JAVA\gamedemo\src\main\java\com\game\BackgroundPanel.java", "Java", 0, 55, 0, 0, 0, 5, 14, 74
"c:\Users\jonma\OneDrive\JAVA\gamedemo\src\main\java\com\game\ClientGameWorld.java", "Java", 0, 3, 0, 0, 0, 0, 3, 6
"c:\Users\jonma\OneDrive\JAVA\gamedemo\src\main\java\com\game\ClientPlayer.java", "Java", 0, 61, 0, 0, 0, 0, 30, 91
"c:\Users\jonma\OneDrive\JAVA\gamedemo\src\main\java\com\game\ClientZombie.java", "Java", 0, 22, 0, 0, 0, 0, 12, 34
"c:\Users\jonma\OneDrive\JAVA\gamedemo\src\main\java\com\game\Constants.java", "Java", 0, 8, 0, 0, 0, 0, 6, 14
"c:\Users\jonma\OneDrive\JAVA\gamedemo\src\main\java\com\game\EntityState.java", "Java", 0, 7, 0, 0, 0, 0, 4, 11
"c:\Users\jonma\OneDrive\JAVA\gamedemo\src\main\java\com\game\GameClient.java", "Java", 0, 119, 0, 0, 0, 8, 71, 198
"c:\Users\jonma\OneDrive\JAVA\gamedemo\src\main\java\com\game\GameMap.java", "Java", 0, 37, 0, 0, 0, 0, 19, 56
"c:\Users\jonma\OneDrive\JAVA\gamedemo\src\main\java\com\game\GamePanel.java", "Java", 0, 138, 0, 0, 0, 6, 51, 195
"c:\Users\jonma\OneDrive\JAVA\gamedemo\src\main\java\com\game\GameServer.java", "Java", 0, 169, 0, 0, 0, 14, 96, 279
"c:\Users\jonma\OneDrive\JAVA\gamedemo\src\main\java\com\game\GameWindow.java", "Java", 0, 86, 0, 0, 0, 17, 28, 131
"c:\Users\jonma\OneDrive\JAVA\gamedemo\src\main\java\com\game\HostWaitingPanel.java", "Java", 0, 135, 0, 0, 0, 11, 25, 171
"c:\Users\jonma\OneDrive\JAVA\gamedemo\src\main\java\com\game\ImageManager.java", "Java", 0, 46, 0, 0, 0, 5, 26, 77
"c:\Users\jonma\OneDrive\JAVA\gamedemo\src\main\java\com\game\InputHandler.java", "Java", 0, 39, 0, 0, 0, 16, 22, 77
"c:\Users\jonma\OneDrive\JAVA\gamedemo\src\main\java\com\game\JoinPanel.java", "Java", 0, 134, 0, 0, 0, 10, 28, 172
"c:\Users\jonma\OneDrive\JAVA\gamedemo\src\main\java\com\game\KryoFactory.java", "Java", 0, 21, 0, 0, 0, 3, 17, 41
"c:\Users\jonma\OneDrive\JAVA\gamedemo\src\main\java\com\game\LoginResponsePacket.java", "Java", 0, 7, 0, 0, 0, 0, 6, 13
"c:\Users\jonma\OneDrive\JAVA\gamedemo\src\main\java\com\game\MenuPanel.java", "Java", 0, 120, 0, 0, 0, 12, 26, 158
"c:\Users\jonma\OneDrive\JAVA\gamedemo\src\main\java\com\game\Mouse.java", "Java", 0, 39, 0, 0, 0, 3, 17, 59
"c:\Users\jonma\OneDrive\JAVA\gamedemo\src\main\java\com\game\MoveIntentPacket.java", "Java", 0, 5, 0, 0, 0, 0, 5, 10
"c:\Users\jonma\OneDrive\JAVA\gamedemo\src\main\java\com\game\MovementSystem.java", "Java", 0, 22, 0, 0, 0, 1, 14, 37
"c:\Users\jonma\OneDrive\JAVA\gamedemo\src\main\java\com\game\Node.java", "Java", 0, 40, 0, 0, 0, 1, 18, 59
"c:\Users\jonma\OneDrive\JAVA\gamedemo\src\main\java\com\game\Packet.java", "Java", 0, 3, 0, 0, 0, 0, 5, 8
"c:\Users\jonma\OneDrive\JAVA\gamedemo\src\main\java\com\game\PlayerCamera.java", "Java", 0, 3, 0, 0, 0, 0, 3, 6
"c:\Users\jonma\OneDrive\JAVA\gamedemo\src\main\java\com\game\PositionPacket.java", "Java", 0, 7, 0, 0, 0, 2, 10, 19
"c:\Users\jonma\OneDrive\JAVA\gamedemo\src\main\java\com\game\ServerGameWorld.java", "Java", 0, 6, 0, 0, 0, 1, 13, 20
"c:\Users\jonma\OneDrive\JAVA\gamedemo\src\main\java\com\game\ServerMain.java", "Java", 0, 7, 0, 0, 0, 0, 4, 11
"c:\Users\jonma\OneDrive\JAVA\gamedemo\src\main\java\com\game\ServerPlayer.java", "Java", 0, 44, 0, 0, 0, 1, 19, 64
"c:\Users\jonma\OneDrive\JAVA\gamedemo\src\main\java\com\game\ServerZombie.java", "Java", 0, 90, 0, 0, 0, 2, 28, 120
"c:\Users\jonma\OneDrive\JAVA\gamedemo\src\main\java\com\game\SnapshotPacket.java", "Java", 0, 7, 0, 0, 0, 0, 8, 15
"c:\Users\jonma\OneDrive\JAVA\gamedemo\src\main\java\com\game\Tile.java", "Java", 0, 13, 0, 0, 0, 0, 7, 20
"c:\Users\jonma\OneDrive\JAVA\gamedemo\src\main\java\com\game\TileManager.java", "Java", 0, 82, 0, 0, 0, 0, 42, 124
"c:\Users\jonma\OneDrive\JAVA\gamedemo\src\main\java\com\game\TileType.java", "Java", 0, 13, 0, 0, 0, 0, 8, 21
"c:\Users\jonma\OneDrive\JAVA\gamedemo\src\main\java\com\game\UITheme.java", "Java", 0, 66, 0, 0, 0, 0, 14, 80
"c:\Users\jonma\OneDrive\JAVA\gamedemo\src\main\java\com\game\Vector2D.java", "Java", 0, 27, 0, 0, 0, 1, 22, 50
"c:\Users\jonma\OneDrive\JAVA\gamedemo\src\main\java\com\game\WorldPlayer.java", "Java", 0, 6, 0, 0, 0, 0, 6, 12
"c:\Users\jonma\OneDrive\JAVA\gamedemo\src\test\java\com\game\AppTest.java", "Java", 0, 11, 0, 0, 0, 6, 4, 21
"c:\Users\jonma\OneDrive\JAVA\gamedemo\target\maven-archiver\pom.properties", "Java Properties", 0, 0, 0, 0, 3, 1, 1, 5
"c:\Users\jonma\OneDrive\JAVA\gamedemo\target\surefire-reports\TEST-com.game.AppTest.xml", "XML", 63, 0, 0, 0, 0, 0, 0, 63
"Total", "-", 215, 1852, 763, 1, 3, 129, 851, 3814